key,name,team,role,number,games-played,goals,assists,yellow-cards,red-cards,goals-conceded,penalty-attempts,penalties-successful,Xg,tackles-won-perc,dribble-percentage,penalty-conceded,Substitute Off,Substitute On
77b61833f0db49729ebf0ad5342a5ba8,Alessandro Bastoni,Inter,2,95,3,0,0,0,0,0,0,0,0.499,72.73,0,0,1,0
8499dfc3c937488ebcd3b256ba01263f,Francesco Pio Esposito,Inter,4,94,3,1,1,0,0,0,0,0,1.62,33.33,100,0,2,0
4b050d8d189243d8acf6f32df3e5e74a,Yann Bisseck,Inter,2,31,3,1,0,0,0,0,0,0,0.23,100.0,100,0,0,1
61f61cb0d0294be996186f3ff3dca8e3,Piotr Zieliński,Inter,3,7,3,1,0,0,0,0,0,0,0.24,33.33,100,0,2,1
5bc6e2f303c14386be2919d9d3c6c0a1,Josep Martínez,Inter,1,1,3,0,0,0,0,3,0,0,0.0,0.0,0,0,0,0
07b9aa070bab4074bcd41776db3c7c8d,Federico Dimarco,Inter,3,32,3,0,1,0,0,0,0,0,0.616,60.0,0,0,1,0
f977a99f92904bcb99dc760df55027d0,Lorenzo Lucchesi,Monza,2,3,3,0,0,2,0,0,0,0,0.093,55.56,100,0,2,0
e2859a14dfaa486aa3f62d1fcf297347,Andrea Colpani,Monza,4,28,3,1,0,0,0,0,0,0,0.515,0.0,17,0,2,1
cd9e41c44ff14e98b2b9be8ad250dcd9,Manuel Akanji,Inter,2,25,3,0,1,1,0,0,0,0,0.365,75.0,100,0,2,0
ffa46ce5caca41adaf669146dda8ebcf,Eddy Kouadio,Monza,2,60,3,0,0,1,0,0,0,0,0.106,50.0,100,0,1,0
6bf62d4c13314ffb9827655c508c7c5c,Adam Bakoune,Monza,2,24,2,0,0,0,0,0,0,0,0.0,66.67,100,0,1,1
8baf539ce4ee47b480e09125880b68e5,Ricardo Mangas,Monza,2,7,3,0,2,0,0,0,0,0,0.478,60.0,25,0,0,0
91dd4a71bf174a58b4e5f417a7e4a207,Mathis Mout,Monza,3,80,3,0,1,0,0,0,0,0,0.058,50.0,50,0,2,1
b0c74645c07a48ec8554dfc581a6141a,James Abankwah,Udinese,2,14,3,0,0,1,0,0,0,0,0.0,75.0,50,0,1,0
577277231cb84394a7d96c70a11a528f,Maduka Okoye,Udinese,1,40,3,0,0,0,0,5,0,0,0.0,0.0,0,0,0,0
450a3f00ad6b48838ecae9c93a3abf01,Jakub Piotrowski,Udinese,3,24,3,1,0,2,0,0,0,0,0.691,80.0,75,0,3,0
1c89b95ec197444798e975aede089c2c,Idrissa Gueye,Udinese,4,7,2,0,0,0,0,0,0,0,0.399,0.0,100,0,1,1
7977f07bbb7f404d8f09afd4eacd5be6,Álex Valle,Como,2,3,3,0,1,0,0,0,0,0,0.204,75.0,100,0,0,0
cdbd7dfe606548d5919e564f018239bf,Andrea Carboni,Monza,2,44,3,0,0,0,0,0,0,0,0.404,100.0,0,0,1,0
3d9b860bd894416c9990108899a8ecee,Luis Milla,Como,3,6,3,0,0,0,0,0,0,0,0.0,50.0,100,0,0,1
027970dce05b45359fbaa7d11eb36313,Nico Paz,Como,3,10,3,1,0,0,0,0,0,0,1.156,42.11,50,0,3,0
4bf5990efa3c4544ab7a0ed845efad67,Jesús Rodriguez,Como,4,17,1,0,0,0,0,0,0,0,0.18,0.0,0,0,1,0
e2f4254456b445c1a4cdee770f7fc8ba,Máximo Perrone,Como,3,5,3,0,0,0,0,0,0,0,0.065,50.0,0,0,1,1
f0a9b20016914b8691db2fc83568fe0b,Hakan Çalhanoglu,Inter,3,20,3,2,0,1,0,0,0,0,0.026,0.0,0,0,2,1
1b183c6c48ae4d08b1cec88dfe4641c6,Lautaro Martínez,Inter,4,10,3,2,0,2,0,0,0,0,3.465,50.0,25,0,1,0
f861b4ecfff843f6920c13aa90631df5,Tasos Douvikas,Como,4,9,3,2,0,0,0,0,0,0,1.623,50.0,0,0,1,0
663b54dec4a14f3bb02e940c87a699c8,Matteo Palma,Udinese,2,16,1,0,0,0,0,0,0,0,0.0,0.0,0,0,1,0
f7bce030bb504b87b9411db54d75480f,Nicolò Zaniolo,Udinese,4,10,1,0,0,0,0,0,0,0,0.162,50.0,33,0,1,0
de48caf443d148af872acf0c8cf91d56,Mërgim Vojvoda,Udinese,3,23,3,0,0,0,0,0,0,0,0.13,75.0,0,0,1,0
cd3e52132dcc42bc8bff94c65e0319aa,Martin Baturina,Como,3,20,3,2,0,1,0,0,0,0,0.304,100.0,83,0,3,0
a4da6f1068d1444eafe0a0d5e775aa42,Nicolò Barella,Inter,3,23,3,0,1,0,0,0,0,0,0.298,40.0,75,0,0,0
0a2dc8ae97814840b2d66181479af681,Samuele Birindelli,Monza,2,19,3,0,0,0,0,0,0,0,0.42,66.67,25,0,1,0
131c52b96557488498ca630e1e1ecbb0,Andy Diouf,Inter,3,17,2,0,2,0,0,0,0,0,0.098,60.0,100,0,1,0
aa46c1e9504d4070876a364bc69fc470,Oumar Solet,Udinese,2,28,3,0,0,0,0,0,0,0,0.0,0.0,100,0,1,0
4bf6803cb61142a68e4d1b16b89f7f9b,Trevoh Chalobah,Como,2,99,3,0,0,0,0,0,0,0,0.077,100.0,100,0,0,0
4c35cd67ad9c4354a7d01c62abacd4f2,Gustavo Varela,Monza,4,9,2,2,0,0,0,0,0,0,0.802,0.0,17,0,1,0
18ccff309d1c46efbab30d302ece28e7,Hassane Kamara,Udinese,2,11,3,2,1,0,0,0,0,0,0.45,81.82,33,0,0,0
3c26ed095339412792451f33565fba12,Manga Foe Ondoa,Monza,3,8,2,0,0,0,0,0,0,0,0.078,60.0,100,0,1,0
e8f6079ece014914adab3caf2e98babb,Jurgen Ekkelenkamp,Udinese,3,32,3,1,1,0,0,0,0,0,0.23,85.71,33,0,1,0
75e8a5f9f7c54239aaf5c7620816ca7a,Jesper Karlström,Udinese,3,8,3,1,0,1,0,0,0,0,0.366,100.0,50,0,0,0
399fc3f07e3d40e5b9c40bf2a72c610f,Jacobo Ramón,Como,2,4,3,0,0,0,0,0,0,0,0.243,50.0,100,0,0,0
6eba222847f0426799566436c1137b90,Yan Couto,Como,2,27,3,0,1,0,0,0,0,0,0.038,66.67,100,0,2,0
b8f4bf41ac6a4c38894b71c72e278bb6,Jean Butez,Como,1,1,3,0,0,0,0,3,0,0,0.0,0.0,100,0,0,0
c10bf0264425406d82c2909fbd66439e,Enzo Ebosse,Udinese,2,77,3,0,0,0,0,0,0,0,0.0,100.0,0,0,1,1
6867551cf5a6427a9ab81bd06fd9d455,Lucas da Cunha,Como,3,7,3,0,0,0,0,0,0,0,0.164,100.0,50,0,2,1
9536d7ae0f7b418bba2381f37d640659,Assane Diao,Como,4,11,3,2,1,0,0,0,0,0,0.861,85.71,57,0,2,1
d8f199c7790c48b79e1706b1535a0704,Petar Sučić,Inter,3,8,3,0,0,0,0,0,0,0,0.0,60.0,50,0,2,1
9037ff0e7e834729838dceb4b44250bf,Ange-Yoan Bonny,Inter,4,14,2,0,0,0,0,0,0,0,0.066,80.0,50,0,0,2
4919025f871840d199d459a2c636266e,Patrick Cutrone,Monza,4,10,2,0,0,0,0,0,0,0,0.622,75.0,0,0,0,1
c99741e10b5a4bd7848a83bf118bf454,John Stones,Inter,2,6,2,0,0,0,0,0,0,0,0.147,0.0,0,0,0,2
f97b651b46874386ab92d0e88d27e490,Lennon Miller,Udinese,3,38,3,0,0,1,0,0,0,0,0.095,33.33,0,0,0,3
96055ebe6dee4170beba44ac206302b1,Omari Forson,Monza,3,11,3,0,0,0,0,0,0,0,0.119,0.0,0,0,1,2
ce65d2c930994c68973373b77f85b2fa,Vakoun Bayo,Udinese,4,15,2,0,0,1,0,0,0,0,0.527,0.0,0,0,0,2
5ae8256e5ca241d8989a52214266c640,Luis Henrique,Inter,3,11,2,0,0,0,0,0,0,0,0.059,0.0,100,0,1,1
11910bf86a0d47ca885790dedbec6bc3,Mattia Liberali,Como,3,30,2,0,0,0,0,0,0,0,0.1,50.0,0,0,0,2
f35c56e1c8b144c89117342ff668e400,Aleksandar Stanković,Inter,3,5,1,0,0,0,0,0,0,0,0.0,0.0,0,0,0,1
8515fd6ab0fa4664986c06114f16c11c,Jay Robinson,Monza,3,46,2,1,0,0,0,0,0,0,0.024,33.33,100,0,1,1
6b6ba9de02634d6894790f78dabe9eeb,Unai Gómez,Udinese,3,46,3,0,0,1,0,0,0,0,0.162,25.0,100,0,2,1
b6e063871e99453dacb938b91b08f6b2,Ivan Smolčić,Como,2,28,2,0,0,0,0,0,0,0,0.0,50.0,0,0,0,2
97481def06eb44989781b7ff153b83a3,Maxence Caqueret,Como,3,8,3,0,0,0,0,0,0,0,0.0,0.0,33,0,0,3
5931a8de6cc3493ebdaa0b4c30758add,Oier Zarraga,Udinese,3,6,3,0,0,0,0,0,0,0,0.0,0.0,100,0,0,3
a4138ae6bf454cbd97f0a5ce554de3b5,Lorenzo Colombo,Genoa,4,29,4,0,1,0,0,0,1,0,0.872,50.0,0,0,3,0
dbd53bdc4ffe446da33ce7774384da90,Mikael Ellertsson,Genoa,3,77,4,0,0,0,0,0,0,0,0.13,46.15,83,0,1,0
4cf1b0e719d44e95aa0f4ca057f0f025,Justin Bijlow,Genoa,1,1,4,0,0,0,0,8,0,0,0.0,0.0,0,0,0,0
65bb7b8d02084d858daeba0cff0cc4eb,Alessandro Marcandalli,Genoa,2,27,4,0,0,0,0,0,0,0,0.026,50.0,0,0,1,0
36fd401c0b2049e8948666d0f6ecca4b,Leonardo Spinazzola,Napoli,2,37,3,0,0,0,0,0,0,0,0.039,28.57,0,0,0,1
82f747384bae4018a6921bc0568fb9be,Giovanni Di Lorenzo,Napoli,2,22,3,0,1,1,0,0,0,0,0.034,90.0,0,0,0,0
18cc6f2bdba14a5a9cca5268d2efafce,Alex Meret,Napoli,1,1,3,0,0,0,0,5,0,0,0.0,0.0,0,0,0,0
2d6bc8e9be4e45ab976bf3d43595aad9,Matteo Politano,Napoli,4,21,3,1,0,1,0,0,0,0,0.31,33.33,100,0,2,0
25a5058852ed4308b29227d29a952365,Amir Rrahmani,Napoli,2,13,3,0,1,0,0,0,0,0,0.164,58.33,0,0,0,0
a608e5111451470face14c869bfb8d9e,Rafa Marín,Napoli,2,16,3,0,0,1,0,0,0,0,0.193,45.45,0,0,1,0
310a726a64854ced91418ec3cc090391,Scott McTominay,Napoli,3,8,2,0,0,0,0,0,0,0,0.566,0.0,0,0,1,0
ff608a7acabd447b8c84b295628e5622,El Bilal Touré,Parma,4,19,3,0,0,0,0,0,0,0,0.157,100.0,60,0,1,0
b1b2650c6e92498d94d1f9bc1f032087,Simone Lontani,Parma,4,76,3,1,0,0,0,0,0,0,0.698,50.0,100,0,2,1
bfe627dce98446ed9ce53fa9afaf479b,Adrián Bernabé,Parma,3,10,2,0,0,0,0,0,0,0,0.013,50.0,75,0,2,0
0e681e091f934fa89130c1476a93a270,Stanislav Lobotka,Napoli,3,68,3,0,0,0,0,0,0,0,0.078,63.64,100,0,1,0
ffb55f8e4e384f1d86a923e70d2629d2,Christian Ordóñez,Parma,3,32,3,0,0,0,0,0,0,0,0.095,80.0,100,0,2,0
0d37907ed7be44dfad0a8ba038f03a1d,Abdou-Salam Konaté,Parma,3,47,2,0,0,1,0,0,0,0,0.003,28.57,100,0,1,1
038ef975d5434ce6a293c9497fd6bb65,Mariano Troilo,Parma,2,37,3,0,0,1,0,0,0,0,0.0,71.43,0,0,1,0
3feecae1d51943858683fe593d008f9f,Rasmus Højlund,Napoli,4,19,3,2,0,0,0,0,0,0,0.203,0.0,33,0,3,0
f67db0ff9c994cc2892588aa52ab1786,Elia Caprile,Cagliari,1,1,4,0,0,0,0,2,0,0,0.0,0.0,0,0,0,0
6cd4530a22374a9e8b73d6614d93e5ee,Alessandro Deiola,Cagliari,3,14,4,0,0,2,0,0,0,0,0.254,50.0,0,0,1,0
d3722009dbea4b7eb0f2c6bd3f21f7f5,Jacopo Fazzini,Cagliari,3,10,4,0,1,1,0,0,0,0,0.132,37.5,71,0,4,0
816125e2bba042b38c44a6bb8b005f83,Leo Østigård,Genoa,2,5,4,0,0,3,0,0,0,0,0.11,50.0,0,0,1,0
ac9814fb4e4245378d64a972b9fd3199,Johan Vásquez,Genoa,2,22,4,1,0,1,1,0,0,0,0.158,60.0,100,0,2,0
c52699f76a744afca8862f2584b7a860,Frank Anguissa,Napoli,3,99,3,0,0,0,0,0,0,0,1.581,37.5,100,0,2,0
4fbfb165723441d9a09b3e912770ad90,Alexsandro Amorim,Genoa,3,4,4,0,0,1,0,0,0,0,0.01,80.0,0,0,1,3
d58bdcc9557641d3868baea58a37bdf3,Emanuele Valeri,Parma,2,14,3,0,0,0,0,0,0,0,0.011,62.5,50,0,0,0
99890eab78bc4ef7b90a8afaff9ac22f,Adam Obert,Cagliari,2,33,4,0,0,0,0,0,0,0,0.186,50.0,67,0,1,0
dd491713fb4649b6a431512f272de5d1,Daniel Maldini,Cagliari,3,70,4,2,0,0,0,0,1,0,1.491,50.0,55,0,4,0
eaf2a55cb14e4570bea06ef18413a8ab,Tommaso Baldanzi,Genoa,4,8,4,0,0,0,0,0,0,0,0.776,50.0,33,0,4,0
6a33b5176e6b46da8e921a0e2996a573,Vitinha,Genoa,4,9,4,0,0,0,0,0,0,0,0.375,60.0,33,0,1,2
4b27493789914a909a54f27f57cd3e45,Mandela Keita,Parma,3,16,3,0,0,1,0,0,0,0,0.0,33.33,73,0,1,0
c6bcfcde698a4962af90a8fa49060fe2,Alisson Santos,Napoli,4,27,3,0,0,0,0,0,0,0,0.177,50.0,67,0,2,1
c34da415302b4416a28d463708a8ec16,Edoardo Corvi,Parma,1,40,3,0,0,0,0,4,0,0,0.0,0.0,0,0,0,0
7aa85c09d04442e0a1ace1a67c01554d,Abdoulaye Ndiaye,Parma,2,3,1,0,0,0,0,0,0,0,0.058,50.0,0,0,0,0
1378f2c2475642679ad12032393fd17d,Alessandro Romano,Cagliari,3,4,4,1,0,0,0,0,0,0,0.194,50.0,75,0,0,0
40b758938b814411901795062d7464d6,Juan Rodríguez,Cagliari,2,15,4,0,0,0,0,0,0,0,0.014,50.0,0,0,1,0
98d5c4b0a6fc4eaf91715642ddc5eead,Harry Winks,Cagliari,3,6,4,0,0,0,0,0,0,0,0.026,20.0,0,0,1,0
7721d5dbae874136bca6fbff1757db3b,Paul Mendy,Cagliari,4,31,4,1,0,0,0,0,0,0,1.198,75.0,50,0,4,0
ebc8da84f5ab44e28aeccc9bedd71b2a,Morten Frendrup,Genoa,3,32,4,0,0,0,0,0,0,0,0.093,70.0,0,0,0,0
a01dba5f6172497b9d2f35d1cb37d24a,Enrico Delprato,Parma,2,15,3,0,0,1,0,0,0,0,0.182,100.0,0,0,0,0
0d0f43d9fa874b839d9be10ca8ed2501,Michel Adopo,Cagliari,3,8,4,0,2,0,0,0,0,0,0.323,20.0,33,0,0,0
875640e9d993484e8b813dff6ba3c492,Zé Pedro,Cagliari,2,2,4,0,0,1,0,0,0,0,0.109,41.67,100,0,2,0
50f786bf0927432c9ee1d36704a91106,Sebastian Otoa,Genoa,2,34,1,0,0,0,0,0,0,0,0.0,0.0,0,0,0,1
a5664d63c9d944e2be3e08a3aa1d4d5b,Junior Messias,Genoa,4,10,4,0,0,0,0,0,0,0,0.261,88.89,129,0,0,4
5e828057c33149518121292db068fc6f,Noa Lang,Napoli,4,70,2,0,0,0,0,0,0,0,0.326,0.0,0,0,1,1
b79371c5da14434399a2ae767cfc861e,Antonio Vergara,Napoli,4,26,2,1,1,1,0,0,0,0,0.412,83.33,0,0,1,1
629f6681748f4e0ebd90f9e418949897,Mattia Felici,Cagliari,3,17,2,0,0,0,0,0,0,0,0.034,0.0,100,0,1,2
50da604b3a694f0581a2066168c2988b,Pontus Almqvist,Parma,4,11,3,0,0,1,0,0,0,0,0.0,50.0,50,0,0,3
33233f2998d9447a9b18d053eeb5712b,Kevin De Bruyne,Napoli,3,11,3,1,1,0,0,0,0,0,0.357,80.0,100,0,0,3
15ecc039a7504a6f94afa74e9a0b5d09,Franz-Ethan Meichtry,Genoa,3,11,4,0,0,0,0,0,0,0,0.434,0.0,125,0,0,4
0b20dd69334a491185c3d0c2b8a87d8f,Djibril Sow,Genoa,3,97,4,0,1,1,0,0,0,0,0.085,50.0,0,0,3,1
c3e6e7b07fec49e899249cc4d11a711d,Ousmane Diallo,Parma,4,7,1,0,0,0,0,0,0,0,0.0,0.0,0,0,0,1
23f8b38d705e43bfaffccba16e316b37,Lorenzo Lucca,Napoli,4,20,3,0,0,0,0,0,0,0,0.227,0.0,0,0,0,3
4d288b42418140a196d4ca71601d0c58,Mathías Olivera,Napoli,2,17,2,0,0,0,0,0,0,0,0.201,100.0,0,0,1,1
32277e2f0cf844a6a422442a6589b60d,Nesta Elphege,Parma,4,23,2,0,0,0,0,0,0,0,0.079,0.0,0,0,0,2
46afafc5e885483e954daa8e73863370,Benjamin Cremaschi,Parma,3,8,2,0,0,0,0,0,0,0,0.0,33.33,100,0,0,2
e2b35afc8f0246b78b3c74eb5c910767,Adam Žulevič,Genoa,4,80,1,0,0,0,0,0,0,0,0.0,0.0,0,0,0,1
2d5736e5f32d44288a3af8bf787b326a,Giuseppe Aurelio,Cagliari,2,24,1,0,0,0,0,0,0,0,0.0,0.0,0,0,0,1
b731ad839089401cae323f26242b5a3c,Giorgio Cittadini,Frosinone,2,2,4,0,0,1,0,0,0,0,0.108,80.0,100,0,2,1
48931447190a4915baacb0c737b5ec04,Antonio Raimondo,Frosinone,4,9,4,4,0,1,0,0,0,0,2.018,25.0,0,0,3,0
b629fb0c40f34d83864423c077fc8e9a,Gabriele Calvani,Frosinone,2,3,4,0,0,2,0,0,0,0,0.354,100.0,50,0,1,0
43815bb11f2e40c2ba31811279a1aa4d,Lorenzo Palmisani,Frosinone,1,22,4,0,0,0,0,4,0,0,0.0,0.0,0,0,0,0
fb3c5ed594354769aa833b934cce5bd4,Giacomo Calò,Frosinone,3,14,4,0,1,0,0,0,0,0,0.31,0.0,50,0,2,0
b94f1904c0064a038506c0fc106117c3,Matteo Cichella,Frosinone,3,16,2,0,0,0,0,0,0,0,0.026,50.0,100,0,1,1
a224e4c6a01b4cb6b35fe7de75631270,Ilario Monterisi,Frosinone,2,30,4,0,0,0,0,0,0,0,0.553,85.71,0,0,1,2
38b07b038621478c9b293665fc91eedc,Pierre Kalulu,Juventus,2,15,3,0,0,0,0,0,0,0,0.085,100.0,0,0,0,0
0acefc0dc80a4f4284f5733d6f6a5217,Weston McKennie,Juventus,3,22,1,0,0,0,0,0,0,0,0.161,0.0,50,0,0,0
2355805d93e04684aa6fdcba93a37b7d,Kenan Yildiz,Juventus,4,10,1,0,0,0,0,0,0,0,0.122,50.0,67,0,1,0
e6156f9d23e84e7084a3e488b92521ac,Bremer,Juventus,2,3,3,1,0,0,0,0,0,0,0.421,80.0,100,0,0,0
28f725a351bc4da2ba6c6a690359cd86,Romano Schmid,Frosinone,3,10,4,0,1,2,0,0,0,0,0.0,40.0,50,0,3,0
7433ee8cb300493c928c2bd228bff475,Guglielmo Vicario,Juventus,1,25,3,0,0,0,0,1,0,0,0.0,0.0,0,0,1,0
9ad06cbcf0164d7ea5b1b961b4a1e884,Douglas Luiz,Juventus,3,12,3,0,0,0,0,0,0,0,0.301,50.0,50,0,2,0
0b042de974074786b4f062b303d0ce58,Giorgi Kvernadze,Frosinone,4,17,4,2,1,0,0,0,0,0,0.655,80.0,53,0,1,0
7df3c938bbfb46638b151f12e0d1d5a0,Francisco Conceição,Juventus,4,7,3,0,1,0,0,0,0,0,0.977,37.5,50,0,3,0
01e3217dea474ebea0e15b49727cd04c,Manuel Locatelli,Juventus,3,5,3,0,1,1,0,0,0,0,0.514,41.67,0,0,0,0
3961ddf993cc41dc9ee587e28a227d8e,Lloyd Kelly,Juventus,2,6,2,0,0,0,0,0,0,0,0.171,100.0,0,0,0,1
f0f15f171e034b32a0a4559ee10219cf,Seydou Fini,Frosinone,4,40,4,0,0,0,0,0,0,0,0.422,20.0,80,0,3,1
69f7dae2593c48688c4a81757ce6f679,Gabriele Bracaglia,Frosinone,2,79,4,1,1,2,0,0,0,0,0.212,20.0,100,0,2,0
2b1d1cbe09fb4920a8b207afa4ece31d,Zeki Çelik,Juventus,2,2,3,0,0,1,0,0,0,0,0.0,75.0,0,0,2,0
72a45b341025449f85e896955e63e095,Randal Kolo Muani,Juventus,4,9,3,0,0,0,0,0,0,0,1.659,44.44,40,0,0,0
6f0edcdd2c08415889ac244cf37aa744,Toma Basic,Venezia,3,26,2,0,0,0,0,0,0,0,0.0,50.0,100,0,2,0
c3b8ff6261d94b7ead6fd32487db048f,Filip Stanković,Venezia,1,1,4,0,0,0,0,11,0,0,0.0,0.0,0,0,0,0
adccc4694b4d4410a98deabc59cabd83,John Yeboah,Venezia,4,10,4,1,0,0,0,0,0,0,0.912,66.67,58,0,2,1
2696f7e05fea46fdb91b6b94df2c81b2,Gianluca Busio,Venezia,3,6,4,0,2,1,0,0,0,0,0.09,72.73,100,0,1,0
8e2a458c59eb4cfaa2212212d59711f5,Antoine Hainaut,Venezia,3,18,4,1,1,0,0,0,0,0,0.331,57.14,33,0,1,0
e3a4eec9aabd422bb4ae48807622f92d,Kike Pérez,Venezia,3,71,4,0,0,1,0,0,0,0,0.009,64.29,0,0,2,0
1892b78973b5448fa477250b8a5732db,Wladimiro Falcone,Lecce,1,30,2,0,0,0,0,4,0,0,0.0,0.0,0,0,0,0
585e8188ab1f452eb0225212825c051a,Lassana Coulibaly,Lecce,3,29,2,0,1,0,0,0,0,0,0.148,50.0,33,0,0,0
ab36af56054945ef8f56a3b54cd323c5,Konan N’Dri,Lecce,4,11,3,0,0,0,0,0,0,0,0.087,33.33,50,0,1,2
68347a9ebb3c4e27b5208dc818bc2bdf,Olaf Gorter,Lecce,3,28,2,1,0,0,0,0,0,0,0.065,0.0,0,0,2,0
f85cb815ee9642e5a264ae703cb87da8,Jamil Siebert,Lecce,2,5,3,0,0,1,0,0,0,0,0.221,100.0,100,0,0,1
386bc75089ad468196b1372d6a4e85af,Antonino Gallo,Lecce,2,25,1,0,0,0,0,0,0,0,0.003,100.0,0,0,1,0
2241d16b749246698712e2d0f18ce48c,Kialonda Gaspar ,Lecce,2,4,2,0,0,1,0,0,0,0,0.444,88.89,0,0,0,0
9154d20dd59c4f3586de460f5f303d71,Santiago Pierotti,Lecce,3,50,2,0,0,0,0,0,0,0,0.019,50.0,50,0,2,0
85d77e54587b4fceb240df4c2f05361a,Bartol Franjić,Venezia,2,4,2,0,0,0,0,0,0,0,0.611,100.0,75,0,1,0
0ab569e366034054a50eca43d1f816a2,Armel Bella Kotchap,Venezia,2,17,3,0,0,0,0,0,0,0,0.337,80.0,0,0,1,0
70e695711da649fda1c502ba4f1e5c49,Joel Schingtienne,Venezia,2,3,4,0,0,2,0,0,0,0,0.0,80.0,100,0,0,0
1d0f5ab9f8b5476fb6e80639a745e148,Akor Adams,Venezia,4,45,4,1,0,0,0,0,0,0,1.763,0.0,67,0,1,0
7187f62fdf5e476dabd0cf06ec21d580,Oumar Ngom,Lecce,3,79,2,0,0,1,0,0,0,0,0.009,50.0,0,0,1,0
9e87a59329b74f509f08430b57cf3fa6,Thierry Correia,Venezia,3,14,3,0,0,0,0,0,0,0,0.315,66.67,75,0,1,2
aacc54c788404b6d9945a11fef21aa1e,Danilo Veiga,Lecce,2,17,2,0,1,1,0,0,0,0,0.0,62.5,0,0,0,0
77629f7aa7404e91aca0b3c68ef41c1f,Willem Geubbels,Lecce,4,69,2,0,0,0,0,0,0,0,0.281,100.0,0,0,2,0
93890966ccb24dbf94485489f23f81ea,Corrie Ndaba,Lecce,2,3,2,0,0,0,0,0,0,0,0.0,100.0,0,0,0,1
5879c1ef79b349c6a46f75a5d1d7e8d6,Alessio Zerbin,Frosinone,3,24,3,0,0,0,0,0,0,0,0.016,16.67,100,0,0,3
e6fa5c6e91694adcb60f8b6d359cf11c,Patrizio Masini,Frosinone,3,73,4,0,1,0,0,0,0,0,0.015,70.0,0,0,0,1
c608c4d673404cd7adf05b86d036e0f3,Youssef Maleh,Lecce,3,14,3,0,0,0,0,0,0,0,0.059,50.0,0,0,0,3
322ceda3cb844022af977369f2ade64c,Ridgeciano Haps,Venezia,3,5,4,0,1,1,0,0,0,0,0.345,100.0,67,0,2,1
f6df7b58957c4eb5ba387d10eddbfd20,Luis Hasa,Frosinone,3,70,2,0,0,0,0,0,0,0,0.129,0.0,0,0,0,2
1faf1073ff624a9f8376452649104d60,Anthony Oyono,Frosinone,2,20,4,0,1,1,0,0,0,0,0.193,66.67,86,0,0,1
ed11723358234b7cb05b9cc0ae47dbfb,Edon Zhegrova,Juventus,4,11,2,0,0,0,0,0,0,0,0.008,33.33,0,0,0,2
b053a0084bdb4b2aa2816ed53ddc1aee,Matteo Dagasso,Venezia,3,30,1,0,0,1,0,0,0,0,0.0,0.0,0,0,0,1
1701dcc4409d48bcac98374a47f96dad,Andrea Cambiaso,Juventus,2,20,2,0,0,1,0,0,0,0,0.0,100.0,50,0,1,2
16ef7fd01f4b411a8fe68128cb9f4223,Jérémie Boga,Juventus,4,13,3,0,0,0,0,0,0,0,0.019,100.0,55,0,1,2
6b65d68dbfb64a4abe4ccc3915c8509d,Nikola Štulić,Lecce,4,9,2,0,0,0,0,0,0,0,1.565,0.0,0,0,0,2
17a1eabd8e2145e89f8cec8be9a90ce9,Tiago Gabriel,Lecce,2,44,2,1,0,0,0,0,0,0,0.276,60.0,0,0,1,1
e915eeb53927483ab3efeb464af5a436,Aleksa Terzić,Frosinone,2,71,2,0,0,0,0,0,0,0,0.004,0.0,100,0,0,2
b07576d30f0548efa6003ec696a8e447,Teun Koopmeiners,Juventus,3,8,3,1,1,0,0,0,0,0,0.063,50.0,0,0,0,3
e8143399f5d04d0d992ef3e5d2e2de5b,Richie Sagrado,Venezia,3,20,3,1,0,0,0,0,0,0,0.708,50.0,0,0,1,2
f2149d81a7414d769679ebd0b2ff0a4a,Albion Rrahmani,Venezia,4,7,3,0,0,0,0,0,0,0,0.316,50.0,0,0,1,2
4b3e49a8789d4cbc84e0f85cfe5752b4,Omri Gandelman,Lecce,3,16,1,0,0,0,0,0,0,0,0.0,0.0,0,0,0,1
06c65f309d6740948f30ef3425da1e88,Gianluca Gaetano,Atalanta,3,70,3,0,1,0,1,0,0,0,0.001,33.33,67,0,0,0
37cecde40207416184c6d630e559c022,Odilon Kossounou,Atalanta,2,3,4,0,0,0,0,0,0,0,0.069,50.0,0,0,0,0
3c5522df52c945a19b271eb0aeb3d56b,Lorenzo Bernasconi,Atalanta,3,47,2,0,0,0,0,0,0,0,0.028,0.0,0,0,1,1
adfb707431614df5aeec9b486a888815,Marco Carnesecchi,Atalanta,1,29,4,0,1,0,0,5,0,0,0.0,0.0,0,0,0,0
0923fb81d1d04b96b576857c0077028b,Giacomo Raspadori,Atalanta,4,18,3,1,0,0,0,0,0,0,0.472,83.33,0,0,2,1
f343b63a6bff4f5380e6ae1a4e618324,Davide Zappacosta,Atalanta,2,77,3,0,0,0,0,0,0,0,0.067,33.33,33,0,0,1
8d75af40732a49c4a2b7aa44b07be610,Mario Pašalić,Atalanta,3,8,4,0,0,0,0,0,0,0,0.0,20.0,50,0,1,2
1b6d0e19d5a44981b9deaf7f66a97818,Giorgio Scalvini,Atalanta,2,42,4,0,0,0,0,0,0,0,0.055,80.0,0,0,0,0
3c80144dd7c641b982628157e52a8852,Gianluca Scamacca,Atalanta,4,9,4,1,0,0,0,0,0,0,0.367,60.0,0,0,4,0
7cdf9a3c8b6a46e39554faa2a4a102d7,Éderson,Atalanta,3,13,4,1,0,0,0,0,0,0,0.127,50.0,50,0,2,0
a0826cc1e617411898652d28f20f1cbe,Vasilije Adžić,Sassuolo,3,17,3,1,1,0,0,0,0,0,0.866,0.0,0,0,3,0
bacb2fa09efd437f9a2b7c7d6fbae18e,Cristian Volpato,Sassuolo,4,7,3,1,0,1,0,0,0,0,0.274,57.14,86,0,3,0
0f635f0de7fb45fda3a4f3bca125a3e5,Simone Cinquegrano,Sassuolo,2,46,3,0,1,0,0,0,0,0,0.285,100.0,75,0,0,0
0c6275822d8f414991d7fc01f42d8c38,Arijanet Murić,Sassuolo,1,49,3,0,0,0,0,5,0,0,0.0,0.0,0,0,0,0
863e4f06366d4728b311e9aa7a568696,Josh Doig,Sassuolo,2,3,3,1,0,0,0,0,0,0,0.096,50.0,0,0,2,0
f8ed011899414214abd6e06bf91e47d3,Cas Odenthal,Sassuolo,2,26,1,1,0,0,0,0,0,0,0.515,25.0,0,0,0,0
797109e26eb346e3a6de69944030f6ea,Armand Laurienté,Sassuolo,4,45,3,0,0,1,0,0,0,0,1.005,0.0,58,0,0,0
8206e9fae6884dc69410699ac7f1a969,Darryl Bakola,Sassuolo,3,50,2,0,0,0,0,0,0,0,0.045,28.57,100,0,0,0
be5ad679270341b7ade1f5046da25edd,Gvidas Gineitis,Torino,3,66,3,0,1,1,0,0,0,0,0.111,77.78,100,0,2,0
d167c290b19a48e0a29bbf98f571152c,Giovanni Simeone,Torino,4,18,3,0,0,0,0,0,0,0,0.212,33.33,50,0,2,1
f11f085ecb324eae82187473378994f4,Alessio Cacciamani,Torino,3,77,3,0,1,0,0,0,0,0,0.094,0.0,55,0,2,0
8a9d45cedfdd4945978f615fc897079a,Nikola Vlašić,Torino,3,10,3,0,0,0,0,0,0,0,0.493,21.43,60,0,0,0
e8e3ec2a7ab041a287afeb9896c836f6,Diego Mascardi,Torino,1,26,2,0,0,0,0,4,0,0,0.0,0.0,0,0,0,0
16987377226b4cef9380d1aaa92e9a63,Pietro Comuzzo,Torino,2,15,3,1,0,0,0,0,0,0,0.52,61.54,100,0,2,0
41bbde87e072481eadfee9ec7a9fdb87,Mario Gila,Milan,2,34,4,0,0,1,0,0,0,0,0.499,25.0,100,0,3,0
b6becba3c84d4b77b1b958105b24e771,Kian Fitz-Jim,Torino,3,28,3,0,0,0,0,0,0,0,0.02,50.0,62,0,0,0
46c4483cd2954db7a7fbf5cfaec0bafe,Pervis Estupiñán,Milan,2,2,4,0,0,1,0,0,0,0,0.089,66.67,0,0,2,1
c8dd9df24f93474e895c96839e7021e7,Yunus Musah,Milan,3,80,4,0,0,0,0,0,0,0,0.606,75.0,40,0,0,1
44e451711e664fd4875632c28cd8fd2a,Nemanja Matić,Sassuolo,3,18,3,0,0,1,0,0,0,0,0.022,30.0,100,0,3,0
68603b73a2a54a37af3ff03a93ea556c,Alphadjo Cisse,Milan,3,70,4,2,0,1,0,0,0,0,0.401,100.0,57,0,3,1
b616b0e6528b42459ac6410543f823ef,Ardon Jashari,Milan,3,30,3,0,0,0,0,0,0,0,0.248,50.0,0,0,1,2
00f2e8b677f54bf3899c241eeb88c918,Kieron Bowie,Sassuolo,4,9,3,0,0,0,0,0,0,0,1.479,20.0,100,0,2,0
466bd5fe831940f7af73ca8f03bb6f46,Nicola Zalewski,Atalanta,3,59,3,0,1,0,0,0,0,0,0.139,50.0,67,0,1,2
deaa04c0b01942838b061bf8acc34282,Ardian Ismajli,Torino,2,44,3,0,0,0,0,0,0,0,0.0,33.33,0,0,0,2
a51cbf48237b42c9a3498e28dc1ad036,Gonçalo Ramos,Milan,4,9,4,1,0,0,0,0,0,0,2.285,50.0,40,0,1,0
6075b492bae04b149467f30c9c6923be,Strahinja Pavlović,Milan,2,31,4,0,0,2,0,0,0,0,0.224,76.92,100,0,0,0
f6b27c8e1cf04b3391184988ee7336f7,Mike Maignan,Milan,1,16,4,0,0,0,0,4,0,0,0.0,0.0,100,0,0,0
77ebe2392746494fad62a2cc5fced9dd,Cesare Casadei,Torino,3,22,1,0,0,0,0,0,0,0,0.0,66.67,0,0,1,0
eb39f4d3f97f4f7aa2ac00c51d1da808,Ruben Loftus-Cheek,Milan,3,8,4,0,0,1,0,0,0,0,0.527,0.0,75,0,3,1
07b990a034894aea9fe366396b16b278,Samuel Chukwueze,Milan,4,21,4,0,2,0,0,0,0,0,0.434,50.0,100,0,0,1
e01f727bb7304efea37d2cc9fc152812,Saúl Coco,Torino,2,23,3,0,0,0,0,0,0,0,0.28,37.5,100,0,1,0
179698d6a9a74bcb952b8e93453cf5b1,Koni De Winter,Milan,2,5,4,0,0,1,0,0,0,0,0.33,83.33,0,0,0,0
e76cb5d2e68843ed99459ed2f8237e2f,Luka Modrić,Milan,3,14,4,0,0,0,0,0,0,0,0.0,0.0,50,0,3,1
afe60d6be6104d909dfe50221995523a,Adrien Rabiot,Milan,3,12,4,1,2,0,0,0,0,0,0.62,100.0,0,0,1,2
8e7d5be26c3d42ff9e36fd4aacf9f7ae,Charles De Ketelaere,Atalanta,3,17,4,0,0,0,0,0,0,0,0.064,50.0,57,0,1,1
df726d9e0b284705be78eb3af4f6e441,Lazar Samardžić,Atalanta,3,10,4,1,0,0,0,0,0,0,0.98,33.33,50,0,2,2
0ffb0532cc8044aebb4a64ea8c02be13,Nikola Krstović,Atalanta,4,90,4,1,0,1,0,0,0,0,0.803,100.0,0,0,0,4
51a8972006ab47c9a0aa07a018f46b60,Kristian Thorstvedt,Sassuolo,3,42,3,0,0,0,0,0,0,0,0.457,100.0,100,0,0,3
73edb678dfe94eb990fa6eeab62fdff7,Alexis Saelemaekers,Milan,4,56,3,0,1,0,0,0,0,0,0.078,71.43,67,0,1,2
5e795d74e1e04302b39b9815471ba3df,Davide Bartesaghi,Milan,2,33,2,0,0,0,0,0,0,0,0.0,66.67,0,0,1,1
8ef81865fbc0442caa1894f9118f4ca6,Sead Kolašinac,Atalanta,2,23,4,0,0,0,0,0,0,0,0.004,50.0,0,0,3,1
fc2b5a269abf473795c6b6b47c736fa3,Alieu Njie,Fiorentina,4,25,2,0,0,1,0,0,0,0,0.86,100.0,100,0,2,0
b88e7ccc10414466b077dd6f50362122,Niccolò Fortini,Torino,2,29,3,0,0,0,0,0,0,0,0.102,33.33,44,0,2,1
836a85d7389346eea6090c05cc237c81,Ché Adams,Torino,4,19,3,2,0,0,0,0,0,0,1.026,100.0,0,0,1,1
102e52dc3ff54e2bb5ebcfe902fd0fe5,Benjamín Domínguez,Sassuolo,4,25,2,0,0,0,0,0,0,0,0.014,0.0,0,0,0,2
981e3d3b8f4147b19ece39e25d2f5a9b,Fedde Leysen,Sassuolo,2,16,3,0,1,0,0,0,0,0,0.0,33.33,100,0,0,1
37d0e89ba51343a8b24b768e4efa02d6,Matteo Gabbia,Milan,2,46,2,0,0,0,0,0,0,0,0.0,100.0,0,0,0,2
f3b8743fff5a497b8b2686e3301c46f3,Eljif Elmas,Atalanta,3,99,3,0,0,0,0,0,0,0,0.0,33.33,100,0,1,2
0250707b586045f087776dea4ea39f51,Zakaria Aboukhlal,Torino,4,7,2,0,0,0,0,0,0,0,0.584,0.0,100,0,0,2
bb0d1128db844dcab59af45e95f3d4d6,Gabriel Kulla,Sassuolo,4,14,1,0,0,0,0,0,0,0,0.0,0.0,0,0,0,1
69ad412c08e5413e9754af4d21250711,Sandro Kulenović,Torino,4,17,2,0,0,0,0,0,0,0,0.0,0.0,0,0,0,2
464616e940b14d4cabc704fcffdcdbcf,Riccardo Ciervo,Cagliari,3,20,1,0,0,0,0,0,0,0,0.026,0.0,0,0,0,1
0dc0fee6598f41a5a6c04adf23ebca66,Nicolò Cambiaghi,Bologna,4,28,3,0,0,1,0,0,0,0,0.491,100.0,100,0,2,0
4cd4bfae3a13463d882e18735047e596,Juan Miranda,Bologna,2,33,2,0,1,0,0,0,0,0,0.0,100.0,100,0,0,1
d9a23c8a0b9c4865b2397dc66bca78ff,Roberto Piccoli,Bologna,4,91,3,1,0,0,0,0,0,0,1.081,100.0,67,0,2,0
d3dc2a33059d45cf93bf965b8610b46b,Federico Bernardeschi,Bologna,3,10,3,0,0,0,0,0,0,0,0.307,0.0,25,0,1,1
ba6a619720134eb5a7e63dfe9cbfcccf,Nadir Zortea,Bologna,2,20,2,0,0,0,0,0,0,0,0.028,66.67,50,0,1,1
786e682f8b01402d891dbc2e4f7f1029,Riccardo Orsolini,Bologna,4,7,2,0,0,0,0,0,0,0,0.0,0.0,0,0,2,1
47c6788b77eb47bf90274613223577a4,Łukasz Skorupski,Bologna,1,1,3,0,0,0,0,4,0,0,0.0,0.0,0,0,0,0
266904423255478690c9b4351f05d4ff,Torbjørn Heggem,Bologna,2,14,3,0,0,1,0,0,0,0,0.112,33.33,0,0,0,0
131d2b80a4454da0964792393ecbd5cb,Oussama El Azzouzi,Bologna,3,17,1,0,0,1,0,0,0,0,0.0,100.0,0,0,1,0
8ec2f1b5be494ffc85f43b9534b9da18,Lewis Ferguson,Bologna,3,19,3,0,0,0,0,0,0,0,0.53,77.78,100,0,0,0
fec04752003c4e30bdd70e07e39f8b4c,Christos Mandas,Lazio,1,35,4,0,0,0,0,3,0,0,0.0,0.0,100,0,0,0
c7340c690ce54b1b93423b7300249755,Eivind Helland,Bologna,2,5,2,0,0,0,0,0,0,0,0.398,40.0,100,0,0,0
7e3ac8828eb94971b02ecfac4064d6bc,A. Marusic,Lazio,2,77,1,0,0,0,0,0,0,0,0.0,50.0,0,0,1,0
c1e11a5f38b74d2ba5dc23c1fe037aaf,Nicolò Rovella,Lazio,3,6,2,0,0,0,0,0,0,0,0.01,50.0,100,0,1,0
8225dd96c7174c9493b6e77f324369a6,Fisayo Dele-Bashiru,Lazio,3,7,1,0,0,0,0,0,0,0,0.0,0.0,0,0,1,0
5d188308b5a14e13bd61d64f792ecb69,Mattia Zaccagni,Lazio,4,10,4,0,2,2,0,0,0,0,0.81,20.0,64,0,1,0
8bb18ae810b34b4aa89fc0cfb0ccbf35,Oliver Provstgaard,Lazio,2,25,4,0,0,1,0,0,0,0,0.132,40.0,0,0,0,0
b0ba8865af6b497295c46fc7e8f12d63,Kenneth Taylor,Lazio,3,24,4,0,0,0,0,0,0,0,0.04,75.0,67,0,1,0
7dfef3767791491da0b2d9e98b899cd3,Alfonso Pedraza,Lazio,2,23,3,0,0,0,0,0,0,0,0.052,50.0,50,0,1,2
38861941353d48968b5312cfe5ff32b7,Matteo Cancellieri,Lazio,4,22,4,1,0,1,0,0,0,0,0.496,25.0,100,0,3,1
1efe186e44a24590a76c59fdf3d75080,Danilho Doekhi,Lazio,2,5,3,0,1,0,0,0,0,0,0.884,33.33,0,0,0,0
514c86d91e5f4747b7f4d791e1779947,Jens Odgaard,Bologna,4,21,3,0,0,1,0,0,0,0,1.083,0.0,60,0,2,0
79c109c187ce4f7cbf763e5b9484319e,Romano Floriani M.,Lazio,2,15,4,0,0,1,0,0,0,0,0.034,60.0,0,0,2,1
d019f24d8eeb4f37bf2bb7ae09db595b,Gustav Isaksen,Lazio,4,11,4,0,0,1,0,0,0,0,0.163,0.0,100,0,1,3
8568cd16882848deab08aaae90e8a2c2,Davide Frattesi,Lazio,3,16,4,3,0,0,0,0,0,0,1.717,37.5,71,0,1,1
a8d5e937e3da4cf8889676f7969eba2f,Artem Dovbyk,Bologna,4,9,3,1,0,1,0,0,0,0,0.884,0.0,100,0,0,3
fad024ef7e104125941e4653ec6d73a5,Jonathan Rowe,Atalanta,4,11,1,0,0,0,0,0,0,0,0.022,0.0,0,0,0,0
d1f41fea8f1b43c2900da19c63c95d52,Emil Holm,Bologna,2,2,3,0,0,1,0,0,0,0,0.122,71.43,50,0,1,1
7c06889abf144462a381039c0a5bb5df,Tijjani Noslin,Lazio,4,14,3,1,0,0,0,0,0,0,0.567,0.0,0,0,1,2
8697e2d27e9b448d8c6cdb826dc41b9d,Nuno Tavares,Lazio,2,17,4,0,1,0,0,0,0,0,0.379,66.67,100,0,1,1
0abd73e0624041059a94a01510a062f6,Mikel Amondarain,Bologna,3,8,2,0,0,0,0,0,0,0,0.063,0.0,0,0,0,2
ce4b4184d61f402698ac6c9e954d2b31,Paulo Dybala,Roma,4,21,3,0,4,0,0,0,0,0,0.978,28.57,20,0,2,0
72d8637dba5842c2a7f8e74dd686ea81,Mario Hermoso,Roma,2,22,3,1,0,1,0,0,0,0,0.117,64.29,100,0,1,0
15aa573236f34cdfacf6aaa79095ab7a,Emanuele Lulli,Roma,2,77,3,0,0,0,0,0,0,0,0.124,87.5,40,0,1,0
942bc68934354b26a012b1d689290a82,Mile Svilar,Roma,1,99,3,0,0,0,0,1,0,0,0.0,100.0,100,0,0,0
cdfeb421bf10427ba410d9db7f5f3b00,Gianluca Mancini,Roma,2,23,3,0,1,0,0,0,0,0,0.359,83.33,0,0,1,0
57f44e44e9c6426a91a9c3828ef3c0a3,Rodrigo Mora,Roma,3,86,3,1,0,0,0,0,0,0,0.61,33.33,100,0,2,1
11d045f4b49645158b2773f6fc7d6941,Bryan Cristante,Roma,3,4,3,0,0,0,0,0,0,0,0.165,56.25,0,0,0,0
76016d7a744d4da29bc352ec23f9920a,Luca Ranieri,Fiorentina,2,6,2,0,0,0,0,0,0,0,0.102,0.0,0,0,1,0
cd9708fcf981489e939152ec78f997c2,Arthur Atta,Fiorentina,3,14,4,0,0,0,0,0,0,0,0.525,0.0,71,0,2,1
538bf99b0c2e4927aee5bddfa650cce5,Franco Mastantuono,Fiorentina,4,30,4,3,0,0,0,0,0,0,2.0,40.0,47,0,3,0
c590f7d118754da79d5abc5618322b51,Dodô,Fiorentina,2,2,1,0,0,0,0,0,0,0,0.001,50.0,0,0,0,0
e7c5f1fc7dab402bbdfbc2d47096fb30,Nicolò Fagioli,Fiorentina,3,44,4,0,1,1,0,0,0,0,0.065,50.0,100,0,1,1
9364ee1aa1774dc6979753183f520511,Marco Brescianini,Fiorentina,3,4,4,0,0,0,0,0,0,0,0.008,0.0,100,0,2,2
7eea4a3905274129bc4fdfec8574cc43,David de Gea,Fiorentina,1,43,4,0,0,0,0,11,0,0,0.0,0.0,0,0,0,0
a80d83f54453474eb794c18abcf799fc,Cher Ndour,Fiorentina,3,27,4,0,0,0,0,0,0,0,0.324,37.5,100,0,1,1
36f5e2bf5aec4a7881f1ad57674c057a,Radu Dragusin,Fiorentina,2,3,4,0,1,1,0,0,0,0,0.108,42.86,0,0,0,0
a4a169fd8f794bb289e98199c374e06a,Mateo Pellegrino,Fiorentina,4,32,4,2,0,1,0,0,0,0,0.887,0.0,0,0,1,1
1fc7bb7eab2545dd8f5952b20f425090,Evan Ndicka,Roma,2,5,2,0,0,0,0,0,0,0,0.197,40.0,0,0,1,0
5d7b25a2706e4e2588ae53883dc5743a,Wesley,Roma,2,43,3,0,1,0,0,0,0,0,0.024,57.14,40,0,1,0
714daf0fa4e947b3891bfec1a3d5d2f0,Manu Koné,Roma,3,17,3,0,0,1,0,0,0,0,0.095,100.0,57,0,2,0
cd96a370761046eba3c0557013459cfe,Donyell Malen,Roma,4,14,3,5,0,1,0,0,0,0,3.083,100.0,57,0,3,0
2de0dfeaa65140cd855ca8681b0f1e65,João Mário,Fiorentina,2,17,3,0,0,0,0,0,0,0,0.0,60.0,50,0,1,1
467662b231094f4da83cf422a3817132,Matías Soulé,Roma,4,18,3,2,1,0,0,0,0,0,1.899,33.33,20,0,1,2
7b365b990b9642639eed2be501296fba,Christ Inao Oulaï,Fiorentina,3,42,3,0,0,0,0,0,0,0,0.011,85.71,100,0,2,1
aae1a652a340492ab5fad6bbe36a74ac,Moise Kean,Como,4,90,1,0,1,0,0,0,0,0,0.0,0.0,0,0,0,1
7bba1cf90e5242579e9cdcb5c20c6974,Álex Jiménez,Fiorentina,2,20,3,0,1,1,0,0,0,0,0.25,75.0,100,0,1,1
0a8fb4004fde4b7db4013195ae73d9bb,Santiago Castro,Roma,4,9,3,0,0,0,0,0,0,0,0.597,0.0,100,0,0,3
813d5e5724324665825edf1afe273f19,Konstantinos Koulierakis,Roma,2,3,1,0,0,0,0,0,0,0,0.0,0.0,0,0,0,1
000931a496414061b3387beb069c8593,Rolando Mandragora,Torino,3,8,1,1,0,0,0,0,0,0,0.055,0.0,50,0,0,0
a24d76c06d864fe9978e6b195041c291,Niccolò Pisilli,Roma,3,61,2,1,0,0,0,0,0,0,0.442,50.0,0,0,0,2
94b5996c9ec24946ae05d2641c817768,Neil El Aynaoui,Roma,3,8,1,0,0,0,0,0,0,0,0.0,0.0,0,0,0,1
d6df0d3534234b00867b7034be4b34d1,Víctor Valdepeñas,Fiorentina,2,21,3,0,0,0,0,0,0,0,0.344,80.0,40,0,0,1
b7bca5e1ba134a4eacb2d992988c0002,Redouane Halhal,Venezia,2,25,2,0,0,1,0,0,0,0,0.142,60.0,0,0,0,1
bdd90c3ccdea4e53b197641341c4c474,Simon Sohm,Venezia,3,19,3,0,0,2,0,0,0,0,0.0,0.0,0,0,2,1
25016175ed0a4cc8878c514edf4ab638,Lion Lauberbach,Venezia,4,29,3,0,0,0,0,0,0,0,0.0,50.0,0,0,0,3
bceddc37986049e09f271927bd712727,Keinan Davis,Udinese,4,9,2,0,1,0,0,0,0,0,0.292,100.0,50,0,2,0
8057b4914e084f28aba58281a65a589c,Jay Idzes,Sassuolo,2,21,2,0,0,1,0,0,0,0,0.0,0.0,0,0,0,0
8aa6621a1fa44300acfe469c398ab375,Demba Thiam,Monza,1,20,2,0,0,0,0,4,0,0,0.0,100.0,0,0,0,0
208f7a142a154bb18ef5b318c8de4dfc,Eray Cömert,Torino,2,5,2,0,1,0,0,0,0,0,0.0,100.0,0,0,1,0
00b2476da2394a2dba30220e84d3d9c4,Albert Guðmundsson,Lazio,4,80,2,1,0,0,0,0,0,0,0.073,0.0,0,0,0,2
8e3b915a243b401f8778ac66fa9fc8fb,Marin Pongračić,Fiorentina,2,5,2,0,0,0,0,0,0,0,0.0,0.0,0,0,1,1
74c636656c5343ee921582563943e359,Ebenezer Akinsanmiro,Monza,3,14,2,0,1,0,0,0,0,0,0.0,100.0,0,0,0,1
8ea7e072211441fe9dccc9cfa52fb58e,Michael Folorunsho,Monza,3,90,2,0,0,1,0,0,0,0,0.167,50.0,67,0,0,1
afd2050ee7f64f2d80bb6ed6c702ece6,Rafael Obrador,Sassuolo,2,33,2,0,0,0,0,0,0,0,0.0,33.33,0,0,0,2
ed69bfd28e1e418a93404a1dbc1e2350,Viery,Fiorentina,2,33,3,0,0,0,0,0,0,0,0.0,100.0,0,0,0,1
b91dd405c42347deb2c331fc74e97429,Emirhan Ilkhan,Torino,3,6,1,0,0,0,0,0,0,0,0.0,0.0,0,0,0,1
ab6119135bdc4a09b35d54fab9e6fa92,Nicolò Bertola,Udinese,2,13,2,0,0,1,0,0,0,0,0.0,0.0,0,0,0,2
3899fafda37541d8a5c395226d5e9c38,Domenico Berardi,Sassuolo,4,10,2,1,0,0,0,0,0,0,0.075,100.0,0,0,0,2
fa8793423f574374b968c141faabf725,Duván Zapata,Torino,4,91,1,0,0,0,0,0,0,0,0.0,100.0,0,0,0,1
23a565adf58c4105b28af9c5e3ab150a,D. Mota,Monza,4,47,2,0,0,0,0,0,0,0,0.952,0.0,50,0,1,1
011244fc8d884ec8a38c2fd22d8f0bb3,Florian Grillitsch,Frosinone,3,27,1,0,0,0,0,0,0,0,0.0,0.0,100,0,0,1
e525d8766d204f289961dfc99ad0885a,Juan Arizala,Udinese,3,20,1,0,0,0,0,0,0,0,0.0,0.0,0,0,0,1
d37b584e9071448ca0504a0a217103f0,Luca Lipani,Sassuolo,3,35,2,0,0,0,0,0,0,0,0.0,0.0,0,0,1,1
47c0d9f9f72442ca84e2206ed97f1839,Daniel Bîrligea,Frosinone,4,11,2,0,0,0,0,0,0,0,0.0,50.0,0,0,0,2
d57594c853dc4a5abb3314fbfc95513f,Dominik Drobnic,Parma,2,72,1,0,0,0,0,0,0,0,0.0,66.67,0,0,0,0
a16050d0946f41e79f0b72cf539dd4a1,Sascha Britschgi,Parma,2,27,2,0,0,0,0,0,0,0,0.0,100.0,25,0,2,0
ddf4ceac503b43648e42f966b5fe37b3,Jhon Lucumí,Juventus,2,26,2,0,0,1,0,0,0,0,0.04,66.67,0,0,1,0
0ab2e0d99523440f8b69aeda63b48491,Nico González,Juventus,4,31,2,1,0,0,0,0,0,0,0.036,50.0,75,0,1,1
2db98f2ff47d40c497d1a44d75b9fb7c,Kerim Alajbegović,Juventus,4,17,2,0,0,0,0,0,0,0,0.012,0.0,33,0,1,1
c05b07968d934efc81b873cd0c317679,Jose David Romero,Parma,4,9,2,0,0,0,0,0,0,0,0.16,50.0,0,0,1,1
10128bcdb2974a83908a844014b93ecb,Marc-Oliver Kempf,Como,2,2,1,0,0,0,0,0,0,0,0.0,0.0,0,0,0,1
7495155a4714425c82eadd3e58763969,David Neres,Napoli,4,7,2,0,0,0,0,0,0,0,0.146,0.0,0,0,0,2
ba173e0c352341cca3335578a0b1e368,Kaiki,Como,2,16,1,0,0,0,0,0,0,0,0.03,0.0,100,0,0,1
c03c6b04498f4f4793c53793c12cc01d,Benjamin Pavard,Inter,2,28,1,0,0,0,0,0,0,0,0.016,75.0,0,0,0,0
317f90e84ebc4866b303fe44867825d6,Reda Belahyane,Lazio,3,21,3,0,0,1,0,0,0,0,0.0,80.0,0,0,0,1
996213fa92014868bf3a50155d8bd4dd,Alieu Fadera,Cagliari,4,39,3,0,0,0,0,0,0,0,0.131,20.0,67,0,0,3
11d429f9adb64332b07307a779e524b9,Raphael Kofler,Cagliari,2,22,3,0,0,0,0,0,0,0,0.041,0.0,0,0,0,3
2a53bb515dfa4c8d81385b3878e0eca1,Kevin Carlos,Cagliari,4,9,2,0,0,1,0,0,0,0,0.024,0.0,0,0,0,2
a98a0f54d53c4a4d9961f08b995147c5,Marcus Thuram,Inter,4,9,2,1,0,0,0,0,0,0,1.245,0.0,100,0,0,2
edd20b66c84846f38a950064c23b52c0,Curtis Jones,Inter,3,21,2,0,0,0,0,0,0,0,0.053,33.33,0,0,0,2
0d3e96b700e94463b4c9e84ea3d17bb8,Milutin Osmajić,Genoa,4,18,3,1,0,0,0,0,0,0,1.291,100.0,0,0,0,1
fd305b16dbdc46c18c0de85ce5bcdac5,Manuel Lazzari,Lazio,2,29,2,0,0,0,0,0,0,0,0.0,0.0,0,0,0,2
89b9a783c7e24268b916ff032c6a67ba,Andrea Pinamonti,Lazio,4,9,3,0,0,0,0,0,0,0,0.11,0.0,0,0,1,2
50b9b8de45a04dd4852d3d6b0c1d183b,Daniele Ghilardi,Roma,2,87,2,0,0,0,0,0,0,0,0.0,72.73,100,0,0,1
dfbfa89952db49ee813448455e560a5a,Nahuel Molina,Roma,2,20,2,0,0,0,0,0,0,0,0.0,42.86,100,0,0,2
1b963dfa250b41d5b596ef5ad7cb1379,Ivan Ilić,Lecce,3,20,1,0,0,1,0,0,0,0,0.001,0.0,0,0,0,1
0d4b11d4fe6746f5ac99e69c5abd6550,Amar Fatah,Lecce,4,7,2,0,0,0,0,0,0,0,0.009,100.0,62,0,0,2
430712e4c44c415398a71ae60698f5b2,Marten de Roon,Roma,3,15,1,0,0,0,0,0,0,0,0.0,100.0,0,0,0,1
f378fcb31cec4ca380fe22dafb5469fc,Tommaso Pobega,Bologna,3,4,2,0,0,0,0,0,0,0,0.03,33.33,50,0,2,0
4eeab58f21184cb39ce0c37b55fdebfb,Rahim Alhassane,Bologna,2,23,2,0,0,0,0,0,0,0,0.287,33.33,100,0,1,0
e64d199987e7498dba08dd9d0ad95c9c,Raoul Bellanova,Atalanta,2,16,3,0,0,1,0,0,0,0,0.0,50.0,0,0,0,1
e8dd45261d4e430c86c142715bfd6187,Nikola Moro,Bologna,3,6,2,0,0,0,0,0,0,0,0.0,100.0,0,0,0,2
9cc9a483cb14471f80f9c047e821308d,Stefano Sabelli,Genoa,2,20,1,0,0,0,0,0,0,0,0.0,0.0,50,0,1,0
52d5b4022e8e431aa4b4c8983843965b,Kingsley Ehizibue,Genoa,2,3,2,0,0,1,0,0,0,0,0.112,50.0,100,0,1,1
d7797a2ef54040a2836229bdba98c6ba,Samuele Ricci,Como,3,21,1,0,0,0,0,0,0,0,0.015,100.0,0,0,0,1
9fcde82bcb1b44e1a5197c349ea8d09b,Lucas Perri,Torino,1,20,1,0,0,0,0,1,0,0,0.0,0.0,0,0,0,0
fe7bff05af3d4b158001a5f4e80516ac,Wilfried Gnonto,Fiorentina,4,29,2,0,0,0,0,0,0,0,0.231,0.0,0,0,0,2
816873bbd9fe4afab99cc390faab08f8,Rafik Belghali,Torino,2,45,1,0,1,0,0,0,0,0,0.0,0.0,0,0,0,1
b76a42c3b2b24b699c33042da117003c,Nathan Patterson,Torino,2,2,1,0,0,0,0,0,0,0,0.0,0.0,0,0,0,1
ffffd00806014561a951cd1e81554004,Daniel Bragança,Torino,3,21,1,0,0,0,0,0,0,0,0.0,0.0,0,0,0,1
3585a57cd1eb4bd0ad63b27bc4acba34,Beto,Fiorentina,4,23,2,0,0,0,0,0,0,0,0.901,0.0,100,0,1,1
e8cbb65f48fe4d99bacbf0964d28ad66,Pedro Gonçalves,Fiorentina,3,28,2,0,0,0,0,0,0,0,0.0,0.0,0,0,0,2
f7e0ecad1aa04f53959bd22f68cfbf70,Carlos Augusto,Inter,2,30,1,0,1,0,0,0,0,0,0.0,100.0,0,0,0,1
97e494fcc78543cd9ac8219e5e97503c,Billy Gilmour,Napoli,3,6,1,0,0,0,0,0,0,0,0.0,100.0,0,0,0,1
4d86611568f44788a1f66e319ea0229d,Benoît Badiashile,Napoli,2,5,1,0,0,0,0,0,0,0,0.0,0.0,0,0,0,1
e9e96dd591fd44949b74cb8d34e58b68,Leonardo Balerdi,Roma,2,26,1,0,0,0,0,0,0,0,0.0,100.0,0,0,0,1
59a1d61a73cb4161ae849bf20f6735e5,Franck Kessie,Atalanta,3,19,2,0,0,0,0,0,0,0,0.552,0.0,0,0,1,1
e97579ecbe064f3c8bc25220036d4a15,Giovanni Fabbian,Parma,3,80,1,0,0,0,0,0,0,0,0.12,100.0,0,0,1,0
866d618d06994344b1d86dd8eb428c84,Diego Carlos,Parma,2,34,1,0,0,0,0,0,0,0,0.077,0.0,0,0,1,0
c738f36256404be3830f701e8ee68149,Lautaro Valenti,Parma,2,5,1,0,0,0,0,0,0,0,0.0,0.0,0,0,0,1
a3ab76e0db484746b5674776d1360229,Vincent Sierro,Parma,3,4,1,0,0,0,0,0,0,0,0.0,0.0,0,0,0,1
9db5b7337aca475c8a2c9f77dc39e57d,Matija Frigan,Parma,4,20,1,0,0,0,0,0,0,0,0.0,100.0,0,0,0,1
a43187cd03a84c579f6cc6de0717f77b,Antonio Fernández,Venezia,4,77,2,0,0,0,0,0,0,0,0.0,0.0,0,0,0,2
95a7041f24a14a40bf4592bb3c8a6ec5,Farès Ghedjemis,Frosinone,4,7,2,0,0,0,0,0,0,0,0.18,0.0,300,0,1,1
955ccd1275654c91b55ff397dcdcfa59,Leonardo Colombo,Monza,3,21,1,0,0,1,0,0,0,0,0.0,50.0,0,0,0,1
ba4cf034f38b44e7bad0ae3920a4dd41,Matías Moreno,Venezia,2,2,2,0,0,1,0,0,0,0,0.108,0.0,0,0,1,1
8ffe28ec84b54bf5affaa1ae6b491bd5,Yvan Maye,Monza,2,5,1,0,0,0,0,0,0,0,0.06,0.0,0,0,0,1
5760cec9926c4de7bb8d2dd6f7e06456,Wisdom Amey,Frosinone,2,5,1,0,0,0,0,0,0,0,0.0,100.0,0,0,0,1
b88831fb38814f73b581c0a71ecae7eb,Arthur Theate,Bologna,2,3,1,0,0,0,0,0,0,0,0.16,100.0,0,0,0,0
cffe277d1e3e4f61978ac4c8f15a8ed4,Marco Libra,Bologna,3,18,1,0,0,0,0,0,0,0,0.132,0.0,100,0,0,1
f8c979a577bb48de98f28b17c281a9e1,Ibrahim Sulemana,Sassuolo,3,55,1,0,0,0,0,0,0,0,0.0,0.0,0,0,0,1
457fff5645a4463db8c48156c26011f9,Andrea Ghion,Sassuolo,3,8,1,0,0,0,0,0,0,0,0.0,100.0,0,0,0,1
af17805688ad437cbfb68eb1a8f6a11f,Samuel Mbangula,Bologna,4,11,1,0,0,0,0,0,0,0,0.0,0.0,0,0,0,1
c46e0b14f7c14a3b89562d0542831920,Diego Moreira,Milan,3,22,2,2,0,0,0,0,0,0,0.6,25.0,0,0,1,1
f7e89f7dd2ad43898e4c2a0e4a6f910d,Nick Woltemade,Juventus,4,27,1,0,0,0,0,0,0,0,0.029,0.0,100,0,0,1
528463bd1ae34632b21700b2f1a4290c,Filippo Terracciano,Milan,2,42,1,0,0,0,0,0,0,0,0.0,0.0,0,0,0,1
591a828679214db3b8beddc1e6f9af2e,Federico Gatti,Juventus,2,4,1,1,0,1,0,0,0,0,0.322,0.0,0,0,0,1
e21ec3d7987a432399ab1c750f183047,Joël Monteiro,Lecce,4,99,1,0,0,0,0,0,0,0,0.007,0.0,0,0,1,0
962fa7f9204c4e04b41883d4d3b5bb82,Roberto Gagliardini,Cagliari,3,21,1,0,0,0,0,0,0,0,0.0,100.0,0,0,0,1
b4d31212f5dc4f8b8fb4673ff22b31f9,Alessandro Sugamele,Cagliari,4,35,1,0,0,0,0,0,0,0,0.045,0.0,0,0,0,1
34abfa4e6fed40d1882fc8c0c4b313b4,Medon Berisha,Lecce,3,10,1,0,0,0,0,0,0,0,0.0,0.0,0,0,0,1
700f9b23586149c6a32011198f8e928a,Christian Kabasele,Udinese,2,27,1,0,0,0,0,0,0,0,0.0,100.0,0,0,0,1
aa13ef84519b43358627a26804914d9e,Þórir Helgason,Venezia,3,21,1,0,0,0,0,0,0,0,0.007,0.0,0,0,0,1
88f3cec77bb64985bd0d38b1263234b4,Juan Jesus,Venezia,2,15,1,0,0,0,0,0,0,0,0.0,0.0,0,0,0,1
f6daea66ff8d4d14b3aaae0bc244c7f0,Stephan El Shaarawy,Genoa,4,92,1,0,0,0,0,0,0,0,0.0,0.0,0,0,0,1
8292419cde594479810cc0f4f62a3c99,Tomas Bobcek,Frosinone,4,89,1,0,0,0,0,0,0,0,0.172,0.0,0,0,0,1
2804cbef3aa94452bd4c8f9f5726a7d8,Josip Šutalo,Lazio,2,37,1,0,0,0,0,0,0,0,0.0,0.0,0,0,1,0
10630f13a65e42e6893e1ece750fa2ad,Christian Pulisic,Milan,4,11,1,0,1,1,0,0,0,0,0.066,0.0,0,0,0,1
841ff998bfe74d02bea75766ba32e8af,Omari Hutchinson,Milan,4,20,1,0,0,0,0,0,0,0,0.0,0.0,0,0,0,1
e610dccad5194541997aeea363a846ce,Diogo Leite,Lazio,2,2,1,0,0,0,0,0,0,0,0.0,0.0,0,0,0,1
236541094aea443b92ea9ae2520bdd52,Francesco Camarda,Milan,4,73,1,0,0,0,0,0,0,0,0.0,0.0,0,0,0,1
e5b610d8891942ca8e3edff6cff277e0,Yukinari Sugawara,Cagliari,2,28,1,0,0,0,0,0,0,0,0.0,0.0,0,0,0,1
